nameFirst,nameLast
David,Aardsma
Hank,Aaron
Tommie,Aaron
Don,Aase
Andy,Abad
Fernando,Abad
John,Abadie
Ed,Abbaticchio
Bert,Abbey
Charlie,Abbey
Dan,Abbott
Fred,Abbott
Glenn,Abbott
Jeff,Abbott
Jim,Abbott
Kurt,Abbott
Kyle,Abbott
Ody,Abbott
Paul,Abbott
Al,Aber
Frank,Abercrombie
Reggie,Abercrombie
Bill,Abernathie
Brent,Abernathy
Ted,Abernathy
Ted,Abernathy
Woody,Abernathy
Cliff,Aberson
Harry,Ables
Shawn,Abner
Cal,Abrams
George,Abrams
Johnny,Abrego
Bobby,Abreu
Joe,Abreu
Jose,Abreu
Juan,Abreu
Tony,Abreu
Winston,Abreu
Bill,Abstein
Jeremy,Accardo
Alfredo,Aceves
Jose,Acevedo
Juan,Acevedo
A. J.,Achter
Jim,Acker
Tom,Acker
Dustin,Ackley
Fritz,Ackley
Cy,Acosta
Ed,Acosta
Jose,Acosta
Manny,Acosta
Merito,Acosta
Mark,Acre
Manny,Acta
Bill,Adair
Jerry,Adair
Jimmy,Adair
Cristhian,Adames
Ace,Adams
Austin,Adams
Babe,Adams
Bert,Adams
Bob,Adams
Bob,Adams
Bobby,Adams
Bob,Adams
Buster,Adams
Dan,Adams
David,Adams
Dick,Adams
Doug,Adams
George,Adams
Glenn,Adams
Herb,Adams
Jim,Adams
Joe,Adams
Joel,Adamson
Karl,Adams
Lane,Adams
Matt,Adams
Mike,Adamson
Mike,Adams
Mike,Adams
Red,Adams
Rick,Adams
Ricky,Adams
Russ,Adams
Ryan,Adams
Sparky,Adams
Spencer,Adams
Terry,Adams
Willie,Adams
Willie,Adams
Joe,Adcock
Nathan,Adcock
Bob,Addis
Jim,Adduci
Jim,Adduci
